participant_id,run_num,key_r,key_b
01,01,5e346e40fa39b700291dac4b,5e345acffa39b700151dabfa
01,03,5e346e31fa39b700311db8aa,5e345ad6fa39b700091daca3
02,01,5e346e4957427b002d0c2a1e,5e345aca57427b00090c211d
02,03,5e346e37fa39b700311db8b9,5e345ac257427b000a0c214a
03,01,5e346e4b57427b00310c3130,5e345ac357427b000c0c236d
03,03,5e346e2c57427b002d0c29ec,5e345ac957427b000d0c2555
04,01,5e346e3857427b00310c30fc,5e345ab157427b00090c20f7
04,03,5e346e2157427b002b0c265e,5e345aaf57427b000d0c2515
05,01,5e346e52fa39b700311db90f,5e345ae557427b000c0c23d8
05,03,5e346e3257427b00310c30e0,5e345adffa39b700151dac34
06,01,5e346e3efa39b700311db8cc,5e345ad5fa39b7000d1da915
06,03,5e346e3457427b002f0c2a9a,5e345ac6fa39b7000b1daeee
07,01,5e346e4a57427b00310c312a,5e345adb57427b000a0c2180
07,03,5e346e2557427b002d0c29d3,5e345ada57427b000a0c217b
08,01,5e346e4d57427b00280c24d9,5e345b06fa39b7000b1dafab
08,03,5e346e3457427b002b0c2674,5e345af957427b00090c2156
09,01,5e3478f4fa39b7002b1db7f8,5e345aaf57427b000e0c2813
09,03,5e346e33fa39b7002f1db1d3,5e345ab4fa39b700091dac59
10,01,5e346e3c57427b00310c310f,5e345b0ffa39b700091dad1a
10,03,5e346e20fa39b7002f1db1b6,5e345af557427b000e0c2912
11,01,5e346e3c57427b002d0c2a08,5e345aa557427b000b0c21fc
11,03,5e346e20fa39b700311db87a,5e345aa7fa39b7000b1daea5
12,01,5e346e37fa39b700271daa53,5e345abd57427b000a0c213e
12,03,5e346e2757427b00280c24a3,5e345ac3fa39b700151dabc8
13,01,5e346e40fa39b700311db8d3,5e345b0a57427b000d0c2614
13,03,5e346e2d57427b002d0c29f0,5e345aec57427b000b0c226f
14,01,5e346e43fa39b700221dad43,5e345abffa39b700151dabbb
14,03,5e346e29fa39b7002d1db14c,5e345aed57427b000e0c28f4
15,01,5e346e48fa39b700311db8ef,5e345ab5fa39b7000e1da9f7
15,03,5e346e3657427b00280c24b7,5e345aaafa39b7000e1da9ce
16,01,5e346e4c57427b002f0c2ae1,5e345aa757427b000a0c2119
16,03,5e3478f457427b00310c454c,5e345aa3fa39b7000c1da933
17,01,5e346e4057427b002b0c2689,5e345ad257427b000c0c239a
17,03,5e346e2557427b00310c30a9,5e345ad657427b000b0c224e
18,01,5e346e4ffa39b7002b1dae4f,5e345aaa57427b000e0c2802
18,03,5e346e2c57427b00310c30cd,5e345aa1fa39b700151dab34
19,01,5e346e4dfa39b7002d1db175,5e345aff57427b000c0c2406
19,03,5e346e2a57427b002f0c2a89,5e345b11fa39b7000b1dafd9
20,01,5e346e45fa39b7002f1db1f4,5e345af957427b000e0c292b
20,03,5e346e24fa39b700311db886,5e345af4fa39b7000d1da94c
21,01,5e346e4d57427b002b0c269e,5e345abb57427b000d0c2533
21,03,5e346e2857427b00310c30b8,5e345aa9fa39b7000b1daeac
22,01,5e346e3cfa39b700241dafdc,5e345ae257427b000e0c28c7
22,03,5e346e25fa39b700241dafd3,5e345aea57427b000a0c219f
23,01,5e346e5257427b002b0c26a8,5e345abffa39b700151dabb7
23,03,5e346e2157427b002d0c29c5,5e345ab7fa39b7000e1da9ff
24,01,5e346e4557427b002b0c2691,5e345b1257427b000b0c22b1
24,03,5e346e21fa39b700311db87e,5e345b15fa39b700091dad2e
25,01,5e346e4357427b002f0c2acc,5e345ae957427b000c0c23e6
25,03,5e346e2557427b002d0c29d7,5e345af357427b000e0c2901
26,01,5e346e43fa39b700311db8dc,5e345b0357427b000c0c2417
26,03,5e346e36fa39b700291dac3f,5e345afe57427b000b0c2285
27,01,5e346e4afa39b700311db8f7,5e345b02fa39b700151dacb5
27,03,5e346e2efa39b700311db8a5,5e345b0c57427b000d0c261f
28,01,5e346e4057427b002f0c2ac4,5e345b00fa39b7000e1daa7a
28,03,5e346e2a57427b00310c30c1,5e345ae5fa39b7000e1daa53
29,01,5e346e3cfa39b700311db8c6,5e345b08fa39b7000d1da96c
29,03,5e346e2a57427b002d0c29e3,5e345aea57427b000b0c2268
30,01,5e346e46fa39b7002b1dae42,5e345acdfa39b700151dabf2
30,03,5e346e3057427b00260c234d,5e345adffa39b7000c1da988
