participant_id,run_num,key_b,key_r
01,01,5da5d25ba7bc73000df27a5f,5da5d20226eb50000d8101ef
01,02,5da5d313f6b03e000d213017,5da5d208fcf91f00101f9e3e
01,03,5da5d329f6b03e0010219afa,5da5d20df6b03e000f2451db
02,01,5da5d34ca7bc73000beda965,5da5d21af6b03e001021994e
02,02,5da5d37ea7bc73000beda996,5da5d260fcf91f00101f9e85
02,03,5da5d3af26eb50000c7efd07,5da5d28ea7bc73000beda871
03,01,5da5d3e8f6b03e0010219c14,5da5d336a7bc73000cee8441
03,02,5da5d407a7bc73000df27d24,5da5d352f6b03e000f24540f
03,03,5da5d437f6b03e000e1f8005,5da5d377fcf91f0012238a71
